"как вкрутить саморез в бетон","нет в топ",-
"как вкрутить саморез в гипсокартон","нет в топ",-
"как саморез вкрутить в металл","нет в топ",-
"куда вкручивать саморезы в профнастил","нет в топ",-
"как вкрутить саморез в дерево","нет в топ",-
"как вкручивать саморезы в профнастил","нет в топ",-
"как вкрутить саморез","нет в топ",-
"куда вкручивать саморезы в металлочерепицу","нет в топ",-
"как правильно вкручивать саморезы","нет в топ",-
,"нет в топ",-
"канализация в частном доме","нет в топ",-
"автономная канализация в частном доме","нет в топ",-
"канализация в частном доме схема","нет в топ",-
"устройство канализации в частном доме","нет в топ",-
"монтаж канализации в частном доме","нет в топ",-
"прокладка канализации в частном доме","нет в топ",-
"система канализации в частном доме","нет в топ",-
"уклон канализации в частном доме","нет в топ",-
"разводка канализации в частном доме","нет в топ",-
"внутренняя канализация в частном доме","нет в топ",-
"обустройство канализации частного дома","нет в топ",-
"местная канализация в частном доме","нет в топ",-
"наружная канализация в частном доме","нет в топ",-
"глубина канализации в частном доме","нет в топ",-
"установка канализации в частном доме","нет в топ",-
"индивидуальная канализация частного дома","нет в топ",-
"подвод канализации к частному дому","нет в топ",-
"проводка канализации в частном доме","нет в топ",-
"правильная канализация в частном доме","нет в топ",-
"канализация в частном доме видео","нет в топ",-
"центральная канализация в частном доме","нет в топ",-
"установить канализацию в частном доме","нет в топ",-
"слив канализации в частном доме","нет в топ",-
"виды канализации в частном доме","нет в топ",-
"проложить канализацию в частном доме","нет в топ",-
"делаем канализацию в частном доме","нет в топ",-
"подключение канализации в частном доме","нет в топ",-
"проведение канализации в частном доме","нет в топ",-
,"нет в топ",-
"как собрать с пола ртуть","нет в топ",-
"как убрать ртуть с пола","нет в топ",-
"как убрать ртуть от градусника","нет в топ",-
"как удалить ртуть с пола","нет в топ",-
"как убрать ртуть с ковра","нет в топ",-
"как убрать ртуть разбитого градусника","нет в топ",-
"разбился градусник как убрать ртуть","нет в топ",-
"можно ли убирать ртуть пылесосом","нет в топ",-
"как правильно убрать ртуть","нет в топ",-
"убрать ртуть в домашних условиях","нет в топ",-
,"нет в топ",-
"как прочистить засор в унитазе","нет в топ",-
"засорился унитаз что делать","нет в топ",-
"как устранить засор в унитазе","нет в топ",-
"засорился унитаз","нет в топ",-
"засор унитаза что делать","нет в топ",-
"засор в унитазе","нет в топ",-
"устранение засоров в унитазе","нет в топ",-
"чем пробить засор в унитазе","нет в топ",-
"засорился унитаз куда звонить","нет в топ",-
"засорился унитаз кошачьим наполнителем","нет в топ",-
"средства от засора унитаза","нет в топ",-
"как прочистить засорившийся унитаз","нет в топ",-
"засорился унитаз бумагой","нет в топ",-
,"нет в топ",-
"шумоизоляция стен в квартире","нет в топ",-
"звукоизоляция стен","нет в топ",-
"звукоизоляция стены в квартире","нет в топ",-
"шумоизоляция стен","нет в топ",-
"звукоизоляция стен своими руками","нет в топ",-
"материал для шумоизоляции стен","нет в топ",-
"шумоизоляция стен в квартире материал","нет в топ",-
"шумоизоляция стен своими руками","нет в топ",-
"звукоизоляция стены в квартире видео","нет в топ",-
"шумоизоляция стен в доме","нет в топ",-
"материалы для звукоизоляции стен","нет в топ",-
"звукоизоляция стен в комнате","нет в топ",-
"звукоизоляция стен своими руками видео","нет в топ",-
"звукоизоляция стен в квартире материал","нет в топ",-
"шумоизоляция стен в квартире видео","нет в топ",-
"как сделать звукоизоляцию стен","нет в топ",-
"устройство звукоизоляции стен","нет в топ",-
"как сделать шумоизоляцию стен","нет в топ",-
"звукоизоляция стен и потолка","нет в топ",-
"звукоизоляция стен видео","нет в топ",-
"монтаж звукоизоляции стен","нет в топ",-
"шумоизоляция стен видео","нет в топ",-
"монтаж шумоизоляции стен","нет в топ",-
"звукоизоляция стены от соседей","нет в топ",-
"технология звукоизоляции стен","нет в топ",-
"звукоизоляция стен в доме","нет в топ",-
"звукоизоляция стен и пола","нет в топ",-
"шумоизоляция стен фото","нет в топ",-
"как сделать шумоизоляцию стены видео","нет в топ",-
"звукоизоляция стен квартиры своими руками","нет в топ",-
"способы звукоизоляции стен","нет в топ",-
"шумоизоляция стен и пола","нет в топ",-
"шумоизоляция стен квартиры своими руками","нет в топ",-
,"нет в топ",-
"чистка холодильного шкафа","нет в топ",-
,"нет в топ",-
"гостиная совмещенная со спальней","нет в топ",-
"спальня совмещенная с гостиной фото","нет в топ",-
"как совместить гостиную и спальню","нет в топ",-
"спальня совмещенная с гостиной","нет в топ",-
"совместить гостиную и спальню фото","нет в топ",-
"проект гостиной совмещенной со спальней","нет в топ",-
"совмещенная гостиная с спальней","нет в топ",-
"интерьеры гостиных совмещенных со спальней","нет в топ",-
"гостиная совмещенная со спальней дизайн","нет в топ",-
"гостиная совмещенная с спальней фото","нет в топ",-
"дизайн совмещенная спальня гостиная","нет в топ",-
"планировка гостиной совмещенной со спальней","нет в топ",-
"интерьер гостиной совмещенной с спальней","нет в топ",-
,"нет в топ",-
"как стирать вещи из шерсти","нет в топ",-
"сушить вещи из шерсти","нет в топ",-
,"нет в топ",-
"клей для потолочной плитки","нет в топ",-
"каким клеем клеить потолочную плитку","нет в топ",-
"хороший клей для плитки потолочной","нет в топ",-
"каким клеем приклеить потолочную плитку","нет в топ",-
"клеем потолочную плитку видео","нет в топ",-
,"нет в топ",-
"лестницы в частном доме","нет в топ",-
"лестницы дома на второй этаж","нет в топ",-
"лестница в доме фото","нет в топ",-
"лестница в частный дом фото","нет в топ",-
"фото лестницы в частном доме","нет в топ",-
"лестницы для загородного дома","нет в топ",-
"деревянные лестницы для дома","нет в топ",-
,"нет в топ",-
"чем защитить бетон","нет в топ",-
"как защитить бетон от разрушения","нет в топ",-
"как защитить бетон от влаги","нет в топ",-
"чем защитить бетон на улице","нет в топ",-
