"искусственный камень",41,http://www.stonestone.ru/
"столешницы из искусственного камня","нет в топ",-
"мойки из искусственного камня",51,http://www.stonestone.ru/moiki-iz-iskusstvennogo-kamnya/
"подоконники из искусственного камня",75,http://www.stonestone.ru/podokonniki-iz-iskusstvennogo-kamnya/
"искусственный камень столешница",32,http://www.stonestone.ru/iskusstvenniy-kamen/stoleshnicy/
"искусственный камень кориан",20,http://www.stonestone.ru/material/corian/
"искусственный камень москва",12,http://www.stonestone.ru/
"столешницы для кухни",48,http://www.stonestone.ru/iskusstvenniy-kamen/stoleshnicy/
"барные стойки для кухни",16,http://www.stonestone.ru/barnye-stojki-dlya-kuhni/
кориан,10,http://www.stonestone.ru/material/corian/
"столешницы из камня",91,http://www.stonestone.ru/
corian,15,http://www.stonestone.ru/material/corian/
"кухонные столешницы",18,http://www.stonestone.ru/iskusstvenniy-kamen/stoleshnicy/
"изготовление столешниц","нет в топ",-
"столешницы на заказ",29,http://www.stonestone.ru/iskusstvenniy-kamen/stoleshnicy/
"искусственная столешница",36,http://www.stonestone.ru/iskusstvenniy-kamen/stoleshnicy/
"столешница цена","нет в топ",-
"барная стойка для кухни",4,http://www.stonestone.ru/barnye-stojki-dlya-kuhni/
"куплю столешницу","нет в топ",-
"купить столешницу","нет в топ",-
"подоконники цена","нет в топ",-
"столешницы для кухни цены",43,http://www.stonestone.ru/iskusstvenniy-kamen/stoleshnicy/
"производство столешниц",85,http://www.stonestone.ru/
"куплю подоконники","нет в топ",-
"купить подоконники","нет в топ",-
"камень кориан",41,http://www.stonestone.ru/material/corian/
"купить столешницу для кухни","нет в топ",-
"продажа столешниц","нет в топ",-
"подоконник столешница","нет в топ",-
"столешница из камня","нет в топ",-
"кориан искусственный камень",28,http://www.stonestone.ru/material/corian/
"кориан столешницы",48,http://www.stonestone.ru/material/corian/
,"нет в топ",-
