"к чему снится один",1,www.bla.ru
"к чему снится як",1,www.bla.ru
"к чему снится рыбы",1,www.bla.ru
"к чему снится умершего",1,www.bla.ru
"к чему снится рука",1,www.bla.ru
"к чему снится песня",1,www.bla.ru
"к чему снится черный",1,www.bla.ru
"к чему снится большое",1,www.bla.ru
"к чему снится живой",1,www.bla.ru
"к чему снится маленький",1,www.bla.ru
"к чему снится котенок",1,www.bla.ru
"к чему снится умирать",1,www.bla.ru
"к чему снится видеть",1,www.bla.ru
"к чему снится гриб",1,www.bla.ru
"к чему снится онлайн",1,www.bla.ru
"к чему снится слушать",1,www.bla.ru
"к чему снится новое",1,www.bla.ru
"к чему снится мор",1,www.bla.ru
"к чему снится цветок",1,www.bla.ru
,1,www.bla.ru
